{"sys_stat": "Under-voltage detected", "cpu_temp": 51.608, "cpu_usage": 6.6162109375, "cpu_volt": 0.8625, "porcent_ram_ussed": 44.1, "ram_ussed": 1.674883072, "ram_free": 0.757723136, "ram_total": 3.982389248, "porcent_disk_ussed": 33.4, "disk_ussed": 4.7705088, "disk_free": 9.526079488, "disk_total": 15.082868736}