{"sys_stat": "Under-voltage detected", "cpu_temp": 46.3, "cpu_usage": 4.052734375, "cpu_volt": 0.8884, "porcent_ram_ussed": 8.1, "ram_ussed": 1.208958976, "ram_free": 14.901297152, "ram_total": 16.983064576, "porcent_disk_ussed": 18.7, "disk_ussed": 5.42394368, "disk_free": 23.629426688, "disk_total": 30.62902784}